<annotation>
	<folder>6</folder>
	<filename>9551668R.png</filename>
	<path>F:\Proj\CV\X-Ray-pictures\KneeXrayData\6\9551668R.png</path>
	<source>
		<database>Unknown</database>
	</source>
	<size>
		<width>299</width>
		<height>299</height>
		<depth>1</depth>
	</size>
	<segmented>0</segmented>
	<object>
		<name>crevice</name>
		<pose>Unspecified</pose>
		<truncated>0</truncated>
		<difficult>0</difficult>
		<bndbox>
			<xmin>13</xmin>
			<ymin>114</ymin>
			<xmax>276</xmax>
			<ymax>205</ymax>
		</bndbox>
	</object>
</annotation>
