<annotation>
	<folder>6</folder>
	<filename>9571631R.png</filename>
	<path>F:\Proj\CV\X-Ray-pictures\KneeXrayData\6\9571631R.png</path>
	<source>
		<database>Unknown</database>
	</source>
	<size>
		<width>224</width>
		<height>224</height>
		<depth>1</depth>
	</size>
	<segmented>0</segmented>
	<object>
		<name>crevice</name>
		<pose>Unspecified</pose>
		<truncated>0</truncated>
		<difficult>0</difficult>
		<bndbox>
			<xmin>6</xmin>
			<ymin>83</ymin>
			<xmax>205</xmax>
			<ymax>145</ymax>
		</bndbox>
	</object>
</annotation>
